year,lyr_des,gen_cate,lyr_gen,n_lyr,n_gen,n_lyr_gen,total,p_lyrics,p_lyr_lci,p_lyr_uci,p_genre,p_gen_lci,p_gen_uci,p_lyrgen,p_lyrgen_lci,p_lyrgen_uci
1999,marijuana,gen_country,"marijuana,gen_country",330,419,46,2233,14.77832512315271,13.345456378871196,16.334007533080925,18.76399462606359,17.177178557119653,20.45957894767022,10.978520286396181,8.22804574897175,14.465944519450094
1999,marijuana,gen_hiphop,"marijuana,gen_hiphop",330,550,60,2233,14.77832512315271,13.345456378871196,16.334007533080925,24.63054187192118,22.866249649477798,26.483061548957,10.909090909090908,8.488865151207664,13.890341373847551
1999,marijuana,gen_rap,"marijuana,gen_rap",330,403,141,2233,14.77832512315271,13.345456378871196,16.334007533080925,18.0474697716077,16.48606734221298,19.72015844951264,34.98759305210918,30.37368213357216,39.89251738951073
1999,marijuana,gen_rock,"marijuana,gen_rock",330,611,92,2233,14.77832512315271,13.345456378871196,16.334007533080925,27.362292879534262,25.531364305980713,29.27191610685087,15.057283142389524,12.365286845911626,18.198439356123522
1999,alcohol,gen_country,"alcohol,gen_country",39,419,5,2233,1.7465293327362292,1.2612750184190513,2.4042670181109425,18.76399462606359,17.177178557119653,20.45957894767022,1.1933174224343674,0.4401441629892638,2.926511649745057
1999,alcohol,gen_hiphop,"alcohol,gen_hiphop",39,550,0,2233,1.7465293327362292,1.2612750184190513,2.4042670181109425,24.63054187192118,22.866249649477798,26.483061548957,0,0,0.8646680312886169
1999,alcohol,gen_rap,"alcohol,gen_rap",39,403,17,2233,1.7465293327362292,1.2612750184190513,2.4042670181109425,18.0474697716077,16.48606734221298,19.72015844951264,4.218362282878412,2.5540418466220367,6.800356181811984
1999,alcohol,gen_rock,"alcohol,gen_rock",39,611,9,2233,1.7465293327362292,1.2612750184190513,2.4042670181109425,27.362292879534262,25.531364305980713,29.27191610685087,1.4729950900163666,0.720531105560772,2.881202150268794
1999,other_illicit,gen_country,"other_illicit,gen_country",574,419,109,2233,25.705329153605017,23.913723231315977,27.58141007399989,18.76399462606359,17.177178557119653,20.45957894767022,26.014319809069214,21.932908501466887,30.543852007751767
1999,other_illicit,gen_hiphop,"other_illicit,gen_hiphop",574,550,129,2233,25.705329153605017,23.913723231315977,27.58141007399989,24.63054187192118,22.866249649477798,26.483061548957,23.454545454545457,20.019489575313585,27.267249277873916
1999,other_illicit,gen_rap,"other_illicit,gen_rap",574,403,241,2233,25.705329153605017,23.913723231315977,27.58141007399989,18.0474697716077,16.48606734221298,19.72015844951264,59.801488833746895,54.81850255923044,64.5946070539221
1999,other_illicit,gen_rock,"other_illicit,gen_rock",574,611,125,2233,25.705329153605017,23.913723231315977,27.58141007399989,27.362292879534262,25.531364305980713,29.27191610685087,20.458265139116204,17.372300288802947,23.922775738944054
2000,marijuana,gen_country,"marijuana,gen_country",854,816,99,4822,17.71049357113231,16.648693442288096,18.824194140273637,16.922438822065534,15.88046216911819,18.017591774265,12.132352941176471,10.011640088307526,14.617585198346166
2000,marijuana,gen_hiphop,"marijuana,gen_hiphop",854,1470,401,4822,17.71049357113231,16.648693442288096,18.824194140273637,30.485275819162172,29.19167183746253,31.810195781749357,27.27891156462585,25.03044640496724,29.647584885702837
2000,marijuana,gen_rap,"marijuana,gen_rap",854,887,357,4822,17.71049357113231,16.648693442288096,18.824194140273637,18.394856905848194,17.316481525973643,19.524025626459206,40.24802705749718,37.01411322257584,43.567510933774976
2000,marijuana,gen_rock,"marijuana,gen_rock",854,1085,89,4822,17.71049357113231,16.648693442288096,18.824194140273637,22.50103691414351,21.334377250922454,23.71186087016996,8.202764976958525,6.671895363480084,10.036833222881183
2000,alcohol,gen_country,"alcohol,gen_country",186,816,28,4822,3.857320613853173,3.339820810802105,4.449678921934654,16.922438822065534,15.88046216911819,18.017591774265,3.431372549019608,2.3341484572245808,4.986042027993137
2000,alcohol,gen_hiphop,"alcohol,gen_hiphop",186,1470,70,4822,3.857320613853173,3.339820810802105,4.449678921934654,30.485275819162172,29.19167183746253,31.810195781749357,4.761904761904762,3.7559573702696554,6.010987163569224
2000,alcohol,gen_rap,"alcohol,gen_rap",186,887,93,4822,3.857320613853173,3.339820810802105,4.449678921934654,18.394856905848194,17.316481525973643,19.524025626459206,10.4847801578354,8.58483313053683,12.734993788612767
2000,alcohol,gen_rock,"alcohol,gen_rock",186,1085,0,4822,3.857320613853173,3.339820810802105,4.449678921934654,22.50103691414351,21.334377250922454,23.71186087016996,0,0,0.4398318760716719
2000,other_illicit,gen_country,"other_illicit,gen_country",1146,816,184,4822,23.76607216922439,22.575671661719955,24.99859833203416,16.922438822065534,15.88046216911819,18.017591774265,22.54901960784314,19.755888602947604,25.60487882078426
2000,other_illicit,gen_hiphop,"other_illicit,gen_hiphop",1146,1470,445,4822,23.76607216922439,22.575671661719955,24.99859833203416,30.485275819162172,29.19167183746253,31.810195781749357,30.272108843537417,27.94421980367563,32.704323507513436
2000,other_illicit,gen_rap,"other_illicit,gen_rap",1146,887,551,4822,23.76607216922439,22.575671661719955,24.99859833203416,18.394856905848194,17.316481525973643,19.524025626459206,62.119503945885,58.82432679532006,65.30831698292342
2000,other_illicit,gen_rock,"other_illicit,gen_rock",1146,1085,179,4822,23.76607216922439,22.575671661719955,24.99859833203416,22.50103691414351,21.334377250922454,23.71186087016996,16.497695852534562,14.364683734229613,18.872018748036712
2001,marijuana,gen_country,"marijuana,gen_country",922,825,144,4742,19.44327288064108,18.331460243188587,20.605015746406842,17.39772247996626,16.33497778033335,18.513761558741543,17.454545454545457,14.960058933071977,20.257741562439072
2001,marijuana,gen_hiphop,"marijuana,gen_hiphop",922,1636,419,4742,19.44327288064108,18.331460243188587,20.605015746406842,34.500210881484605,33.14980763653016,35.875901784973095,25.61124694376528,23.525346763909045,27.813060874180685
2001,marijuana,gen_rap,"marijuana,gen_rap",922,1109,398,4742,19.44327288064108,18.331460243188587,20.605015746406842,23.386756642766766,22.19347610102762,24.62349751368602,35.888187556357074,33.074098795797354,38.80125549748957
2001,marijuana,gen_rock,"marijuana,gen_rock",922,1308,164,4742,19.44327288064108,18.331460243188587,20.605015746406842,27.58329818641923,26.31937698994643,28.883809842021996,12.538226299694188,10.816802096466855,14.483706498372385
2001,alcohol,gen_country,"alcohol,gen_country",193,825,21,4742,4.070012652889076,3.533953737358628,4.6818168543537,17.39772247996626,16.33497778033335,18.513761558741543,2.5454545454545454,1.622691162214673,3.9323408424836366
2001,alcohol,gen_hiphop,"alcohol,gen_hiphop",193,1636,127,4742,4.070012652889076,3.533953737358628,4.6818168543537,34.500210881484605,33.14980763653016,35.875901784973095,7.76283618581907,6.534719894102629,9.193485601154112
2001,alcohol,gen_rap,"alcohol,gen_rap",193,1109,109,4742,4.070012652889076,3.533953737358628,4.6818168543537,23.386756642766766,22.19347610102762,24.62349751368602,9.828674481514877,8.171387636249277,11.770400993248847
2001,alcohol,gen_rock,"alcohol,gen_rock",193,1308,42,4742,4.070012652889076,3.533953737358628,4.6818168543537,27.58329818641923,26.31937698994643,28.883809842021996,3.211009174311927,2.3515699068497304,4.355309411629883
2001,other_illicit,gen_country,"other_illicit,gen_country",1559,825,276,4742,32.876423450021086,31.543278579536832,34.23750773633725,17.39772247996626,16.33497778033335,18.513761558741543,33.45454545454545,30.259257091095925,36.8060807945389
2001,other_illicit,gen_hiphop,"other_illicit,gen_hiphop",1559,1636,605,4742,32.876423450021086,31.543278579536832,34.23750773633725,34.500210881484605,33.14980763653016,35.875901784973095,36.98044009779951,34.64412070748031,39.37855413495319
2001,other_illicit,gen_rap,"other_illicit,gen_rap",1559,1109,610,4742,32.876423450021086,31.543278579536832,34.23750773633725,23.386756642766766,22.19347610102762,24.62349751368602,55.00450856627592,52.019080298017705,57.95485524553733
2001,other_illicit,gen_rock,"other_illicit,gen_rock",1559,1308,337,4742,32.876423450021086,31.543278579536832,34.23750773633725,27.58329818641923,26.31937698994643,28.883809842021996,25.76452599388379,23.43086342097007,28.242410695443233
2002,marijuana,gen_country,"marijuana,gen_country",1040,838,147,4740,21.940928270042196,20.775427945964225,23.15227847280166,17.679324894514767,16.609294958864133,18.80220804415356,17.541766109785204,15.0605095382091,20.32608385143095
2002,marijuana,gen_hiphop,"marijuana,gen_hiphop",1040,1431,343,4740,21.940928270042196,20.775427945964225,23.15227847280166,30.189873417721518,28.889016152472546,31.52307312716825,23.969252271139062,21.79523828850364,26.284846778758975
2002,marijuana,gen_rap,"marijuana,gen_rap",1040,1305,549,4740,21.940928270042196,20.775427945964225,23.15227847280166,27.531645569620256,26.26823946462582,28.831742146118806,42.06896551724138,39.379782520988186,44.80536875508815
2002,marijuana,gen_rock,"marijuana,gen_rock",1040,1612,254,4740,21.940928270042196,20.775427945964225,23.15227847280166,34.0084388185654,32.6627923526956,35.38018699766807,15.75682382133995,14.03040289764371,17.648895524400228
2002,alcohol,gen_country,"alcohol,gen_country",219,838,2,4740,4.620253164556963,4.048608296399821,5.266687378506417,17.679324894514767,16.609294958864133,18.80220804415356,0.23866348448687352,0.04134936414245996,0.9577497041196462
2002,alcohol,gen_hiphop,"alcohol,gen_hiphop",219,1431,79,4740,4.620253164556963,4.048608296399821,5.266687378506417,30.189873417721518,28.889016152472546,31.52307312716825,5.520614954577219,4.420663555023088,6.865720958254921
2002,alcohol,gen_rap,"alcohol,gen_rap",219,1305,100,4740,4.620253164556963,4.048608296399821,5.266687378506417,27.531645569620256,26.26823946462582,28.831742146118806,7.662835249042145,6.305754795615124,9.274999159677996
2002,alcohol,gen_rock,"alcohol,gen_rock",219,1612,124,4740,4.620253164556963,4.048608296399821,5.266687378506417,34.0084388185654,32.6627923526956,35.38018699766807,7.6923076923076925,6.46118950102136,9.12936493868476
2002,other_illicit,gen_country,"other_illicit,gen_country",1510,838,225,4740,31.856540084388186,30.534877681652016,33.207820418934396,17.679324894514767,16.609294958864133,18.80220804415356,26.849642004773273,23.902407194935908,30.012343501835097
2002,other_illicit,gen_hiphop,"other_illicit,gen_hiphop",1510,1431,452,4740,31.856540084388186,30.534877681652016,33.207820418934396,30.189873417721518,28.889016152472546,31.52307312716825,31.586303284416488,29.19567650171533,34.07695510540125
2002,other_illicit,gen_rap,"other_illicit,gen_rap",1510,1305,734,4740,31.856540084388186,30.534877681652016,33.207820418934396,27.531645569620256,26.26823946462582,28.831742146118806,56.24521072796935,53.50078482634314,58.952456081793805
2002,other_illicit,gen_rock,"other_illicit,gen_rock",1510,1612,370,4740,31.856540084388186,30.534877681652016,33.207820418934396,34.0084388185654,32.6627923526956,35.38018699766807,22.95285359801489,20.935741993081827,25.100507366784598
2003,marijuana,gen_country,"marijuana,gen_country",964,947,103,4829,19.962725201905158,18.849275819850835,21.124364049003592,19.61068544212052,18.505039439491465,20.76508867285455,10.876451953537487,9.000874448091247,13.076526070369393
2003,marijuana,gen_hiphop,"marijuana,gen_hiphop",964,1468,434,4829,19.962725201905158,18.849275819850835,21.124364049003592,30.399668668461377,29.108091668301316,31.722653484844223,29.56403269754768,27.252274695272625,31.984019162443182
2003,marijuana,gen_rap,"marijuana,gen_rap",964,1490,572,4829,19.962725201905158,18.849275819850835,21.124364049003592,30.85524953406502,29.557913400746827,32.18326244962551,38.38926174496644,35.91966985785477,40.91937874196604
2003,marijuana,gen_rock,"marijuana,gen_rock",964,1697,69,4829,19.962725201905158,18.849275819850835,21.124364049003592,35.141851314972044,33.797365975298014,36.51013866405592,4.065998821449617,3.1992546595609315,5.146691983503197
2003,alcohol,gen_country,"alcohol,gen_country",206,947,42,4829,4.265893559743218,3.721649731699398,4.884159853603629,19.61068544212052,18.505039439491465,20.76508867285455,4.435058078141499,3.252465417437775,6.000472262121529
2003,alcohol,gen_hiphop,"alcohol,gen_hiphop",206,1468,73,4829,4.265893559743218,3.721649731699398,4.884159853603629,30.399668668461377,29.108091668301316,31.722653484844223,4.9727520435967305,3.9431269895613683,6.244566236263565
2003,alcohol,gen_rap,"alcohol,gen_rap",206,1490,96,4829,4.265893559743218,3.721649731699398,4.884159853603629,30.85524953406502,29.557913400746827,32.18326244962551,6.442953020134229,5.274445430570408,7.841475346278573
2003,alcohol,gen_rock,"alcohol,gen_rock",206,1697,47,4829,4.265893559743218,3.721649731699398,4.884159853603629,35.141851314972044,33.797365975298014,36.51013866405592,2.769593400117855,2.0637272885872964,3.696773218201182
2003,other_illicit,gen_country,"other_illicit,gen_country",1547,947,318,4829,32.03561814040174,30.724046364373102,33.37597303163758,19.61068544212052,18.505039439491465,20.76508867285455,33.57972544878564,30.59210215464841,36.7023502657045
2003,other_illicit,gen_hiphop,"other_illicit,gen_hiphop",1547,1468,591,4829,32.03561814040174,30.724046364373102,33.37597303163758,30.399668668461377,29.108091668301316,31.722653484844223,40.25885558583106,37.74507889096122,42.82416983605163
2003,other_illicit,gen_rap,"other_illicit,gen_rap",1547,1490,781,4829,32.03561814040174,30.724046364373102,33.37597303163758,30.85524953406502,29.557913400746827,32.18326244962551,52.41610738255034,49.84378335347748,54.97584099736
2003,other_illicit,gen_rock,"other_illicit,gen_rock",1547,1697,319,4829,32.03561814040174,30.724046364373102,33.37597303163758,35.141851314972044,33.797365975298014,36.51013866405592,18.797878609310548,16.981978674934638,20.756952405716763
2004,marijuana,gen_country,"marijuana,gen_country",1074,871,56,4891,21.958699652422816,20.81078016177242,23.151020231590856,17.80821917808219,16.75143743002986,18.916010415241978,6.42939150401837,4.933719326232044,8.321066925329909
2004,marijuana,gen_hiphop,"marijuana,gen_hiphop",1074,1335,456,4891,21.958699652422816,20.81078016177242,23.151020231590856,27.295031690860768,26.054688704596735,28.5713039478401,34.157303370786515,31.62541105005089,36.78144506603033
2004,marijuana,gen_rap,"marijuana,gen_rap",1074,1639,616,4891,21.958699652422816,20.81078016177242,23.151020231590856,33.51052954406052,32.190943985468465,34.856196810799396,37.58389261744966,35.24062004300446,39.98598489665071
2004,marijuana,gen_rock,"marijuana,gen_rock",1074,1586,154,4891,21.958699652422816,20.81078016177242,23.151020231590856,32.426906563075036,31.119168539953478,33.76244206678974,9.709962168978564,8.319253869207174,11.29957006059289
2004,alcohol,gen_country,"alcohol,gen_country",182,871,31,4891,3.721120425270906,3.2164307208466294,4.299845279729774,17.80821917808219,16.75143743002986,18.916010415241978,3.5591274397244548,2.4708014471276765,5.074031157544588
2004,alcohol,gen_hiphop,"alcohol,gen_hiphop",182,1335,55,4891,3.721120425270906,3.2164307208466294,4.299845279729774,27.295031690860768,26.054688704596735,28.5713039478401,4.119850187265917,3.1460271727399585,5.366121699945017
2004,alcohol,gen_rap,"alcohol,gen_rap",182,1639,123,4891,3.721120425270906,3.2164307208466294,4.299845279729774,33.51052954406052,32.190943985468465,34.856196810799396,7.5045759609518,6.297996598802773,8.91462278995403
2004,alcohol,gen_rock,"alcohol,gen_rock",182,1586,36,4891,3.721120425270906,3.2164307208466294,4.299845279729774,32.426906563075036,31.119168539953478,33.76244206678974,2.269861286254729,1.6174987080050627,3.1626677992045624
2004,other_illicit,gen_country,"other_illicit,gen_country",1645,871,248,4891,33.633203843794725,32.31232665136128,34.979968529026166,17.80821917808219,16.75143743002986,18.916010415241978,28.473019517795638,25.520266870179665,31.618434928681882
2004,other_illicit,gen_hiphop,"other_illicit,gen_hiphop",1645,1335,395,4891,33.633203843794725,32.31232665136128,34.979968529026166,27.295031690860768,26.054688704596735,28.5713039478401,29.588014981273407,27.164509723397064,32.1304427337707
2004,other_illicit,gen_rap,"other_illicit,gen_rap",1645,1639,963,4891,33.633203843794725,32.31232665136128,34.979968529026166,33.51052954406052,32.190943985468465,34.856196810799396,58.75533862111043,56.323638536225,61.145569976525785
2004,other_illicit,gen_rock,"other_illicit,gen_rock",1645,1586,314,4891,33.633203843794725,32.31232665136128,34.979968529026166,32.426906563075036,31.119168539953478,33.76244206678974,19.798234552332914,17.880834768601638,21.863926300699386
2005,marijuana,gen_country,"marijuana,gen_country",1103,811,185,4791,23.02233354205803,21.84194665580573,24.246325784622666,16.927572531830513,15.882152010015172,18.02650645696756,22.81134401972873,19.996905708811116,25.887591123242153
2005,marijuana,gen_hiphop,"marijuana,gen_hiphop",1103,1385,422,4791,23.02233354205803,21.84194665580573,24.246325784622666,28.908369860154455,27.631702440112132,30.21910765276317,30.469314079422382,28.066832921215028,32.98144325593968
2005,marijuana,gen_rap,"marijuana,gen_rap",1103,1707,671,4791,23.02233354205803,21.84194665580573,24.246325784622666,35.6293049467752,34.27490130858919,37.0069123123927,39.3087287639133,36.98922210728489,41.67685319641674
2005,marijuana,gen_rock,"marijuana,gen_rock",1103,1616,199,4791,23.02233354205803,21.84194665580573,24.246325784622666,33.72991024838238,32.394336073878215,35.09175761082482,12.314356435643564,10.771861681830861,14.03903688372522
2005,alcohol,gen_country,"alcohol,gen_country",280,811,18,4791,5.8442913796702145,5.204880174598433,6.555564201574511,16.927572531830513,15.882152010015172,18.02650645696756,2.219482120838471,1.3605365325264467,3.5556159731835923
2005,alcohol,gen_hiphop,"alcohol,gen_hiphop",280,1385,68,4791,5.8442913796702145,5.204880174598433,6.555564201574511,28.908369860154455,27.631702440112132,30.21910765276317,4.909747292418772,3.859206866523025,6.217577221523497
2005,alcohol,gen_rap,"alcohol,gen_rap",280,1707,217,4791,5.8442913796702145,5.204880174598433,6.555564201574511,35.6293049467752,34.27490130858919,37.0069123123927,12.71236086701816,11.187733458907282,14.407532776607054
2005,alcohol,gen_rock,"alcohol,gen_rock",280,1616,91,4791,5.8442913796702145,5.204880174598433,6.555564201574511,33.72991024838238,32.394336073878215,35.09175761082482,5.631188118811881,4.580903812211679,6.897675061938853
2005,other_illicit,gen_country,"other_illicit,gen_country",1702,811,324,4791,35.524942600709664,34.171512451543705,36.90174510369344,16.927572531830513,15.882152010015172,18.02650645696756,39.95067817509248,36.57421995207742,43.42361739661164
2005,other_illicit,gen_hiphop,"other_illicit,gen_hiphop",1702,1385,640,4791,35.524942600709664,34.171512451543705,36.90174510369344,28.908369860154455,27.631702440112132,30.21910765276317,46.20938628158845,43.561948580428414,48.878081149510564
2005,other_illicit,gen_rap,"other_illicit,gen_rap",1702,1707,994,4791,35.524942600709664,34.171512451543705,36.90174510369344,35.6293049467752,34.27490130858919,37.0069123123927,58.23081429408319,55.84586354087304,60.57834049776207
2005,other_illicit,gen_rock,"other_illicit,gen_rock",1702,1616,316,4791,35.524942600709664,34.171512451543705,36.90174510369344,33.72991024838238,32.394336073878215,35.09175761082482,19.554455445544555,17.664134975092065,21.591485457054745
2006,marijuana,gen_country,"marijuana,gen_country",1113,875,172,4846,22.96739579034255,21.794693318286875,24.18329508231258,18.056128765992572,16.98849930482642,19.174844169903153,19.657142857142855,17.1050042263604,22.48027828009443
2006,marijuana,gen_hiphop,"marijuana,gen_hiphop",1113,1221,333,4846,22.96739579034255,21.794693318286875,24.18329508231258,25.19603796945935,23.98354738743094,26.4481534665799,27.27272727272727,24.80919265032653,29.881152867685014
2006,marijuana,gen_rap,"marijuana,gen_rap",1113,1754,618,4846,22.96739579034255,21.794693318286875,24.18329508231258,36.19479983491539,34.842969900394074,37.56866609427739,35.23375142531357,33.00463485114858,37.52822812794899
2006,marijuana,gen_rock,"marijuana,gen_rock",1113,1826,230,4846,22.96739579034255,21.794693318286875,24.18329508231258,37.68056128765993,36.316235711738514,39.06455033248991,12.595837897042717,11.126150456247004,14.225392390004915
2006,alcohol,gen_country,"alcohol,gen_country",173,875,41,4846,3.5699546017333885,3.073670751521044,4.141239590164014,18.056128765992572,16.98849930482642,19.174844169903153,4.685714285714285,3.4237320390716732,6.35980966283636
2006,alcohol,gen_hiphop,"alcohol,gen_hiphop",173,1221,54,4846,3.5699546017333885,3.073670751521044,4.141239590164014,25.19603796945935,23.98354738743094,26.4481534665799,4.422604422604422,3.369533904543894,5.771621627099648
2006,alcohol,gen_rap,"alcohol,gen_rap",173,1754,129,4846,3.5699546017333885,3.073670751521044,4.141239590164014,36.19479983491539,34.842969900394074,37.56866609427739,7.354618015963512,6.197729411834003,8.70222693146917
2006,alcohol,gen_rock,"alcohol,gen_rock",173,1826,23,4846,3.5699546017333885,3.073670751521044,4.141239590164014,37.68056128765993,36.316235711738514,39.06455033248991,1.2595837897042717,0.818853883908007,1.9156901451632082
2006,other_illicit,gen_country,"other_illicit,gen_country",1661,875,252,4846,34.27569129178704,32.942077727204406,35.63440689814157,18.056128765992572,16.98849930482642,19.174844169903153,28.799999999999997,25.842259107904002,31.946593614345968
2006,other_illicit,gen_hiphop,"other_illicit,gen_hiphop",1661,1221,496,4846,34.27569129178704,32.942077727204406,35.63440689814157,25.19603796945935,23.98354738743094,26.4481534665799,40.62244062244062,37.8608690190881,43.443706699326476
2006,other_illicit,gen_rap,"other_illicit,gen_rap",1661,1754,906,4846,34.27569129178704,32.942077727204406,35.63440689814157,36.19479983491539,34.842969900394074,37.56866609427739,51.653363740022805,49.285164271757715,54.01424894055742
2006,other_illicit,gen_rock,"other_illicit,gen_rock",1661,1826,475,4846,34.27569129178704,32.942077727204406,35.63440689814157,37.68056128765993,36.316235711738514,39.06455033248991,26.013143483023,24.02614146150352,28.10222727174787
2007,marijuana,gen_country,"marijuana,gen_country",1063,893,227,4648,22.870051635111878,21.67477230629922,24.11053738468187,19.212564543889847,18.09505589284715,20.381403927107847,25.41993281075028,22.61995072379128,28.43460031059461
2007,marijuana,gen_hiphop,"marijuana,gen_hiphop",1063,1185,347,4648,22.870051635111878,21.67477230629922,24.11053738468187,25.494836488812396,24.251900213273746,26.778592446856415,29.282700421940927,26.721058676109205,31.980404348738805
2007,marijuana,gen_rap,"marijuana,gen_rap",1063,1545,426,4648,22.870051635111878,21.67477230629922,24.11053738468187,33.240103270223756,31.889527303378813,34.618579423959176,27.57281553398058,25.37072698740699,29.887765720496574
2007,marijuana,gen_rock,"marijuana,gen_rock",1063,1635,298,4648,22.870051635111878,21.67477230629922,24.11053738468187,35.17641996557659,33.80572073388186,36.571793377363406,18.226299694189603,16.400887019217972,20.203097498211786
2007,alcohol,gen_country,"alcohol,gen_country",244,893,54,4648,5.249569707401033,4.634433674599595,5.939852408843951,19.212564543889847,18.09505589284715,20.381403927107847,6.047032474804031,4.614953534538008,7.869000501493304
2007,alcohol,gen_hiphop,"alcohol,gen_hiphop",244,1185,43,4648,5.249569707401033,4.634433674599595,5.939852408843951,25.494836488812396,24.251900213273746,26.778592446856415,3.6286919831223625,2.66884845143859,4.89995206030125
2007,alcohol,gen_rap,"alcohol,gen_rap",244,1545,97,4648,5.249569707401033,4.634433674599595,5.939852408843951,33.240103270223756,31.889527303378813,34.618579423959176,6.27831715210356,5.144453809209482,7.634831124660297
2007,alcohol,gen_rock,"alcohol,gen_rock",244,1635,92,4648,5.249569707401033,4.634433674599595,5.939852408843951,35.17641996557659,33.80572073388186,36.571793377363406,5.626911314984709,4.582733966730077,6.8847745191849
2007,other_illicit,gen_country,"other_illicit,gen_country",1675,893,335,4648,36.03700516351119,34.658161632559136,37.4390894388863,19.212564543889847,18.09505589284715,20.381403927107847,37.51399776035834,34.343540505080995,40.7932997894485
2007,other_illicit,gen_hiphop,"other_illicit,gen_hiphop",1675,1185,437,4648,36.03700516351119,34.658161632559136,37.4390894388863,25.494836488812396,24.251900213273746,26.778592446856415,36.87763713080169,34.13572481077232,39.705653366130676
2007,other_illicit,gen_rap,"other_illicit,gen_rap",1675,1545,851,4648,36.03700516351119,34.658161632559136,37.4390894388863,33.240103270223756,31.889527303378813,34.618579423959176,55.080906148867314,52.55862893447636,57.57765144960012
2007,other_illicit,gen_rock,"other_illicit,gen_rock",1675,1635,467,4648,36.03700516351119,34.658161632559136,37.4390894388863,35.17641996557659,33.80572073388186,36.571793377363406,28.562691131498468,26.395590785815383,30.83169159853924
2008,marijuana,gen_country,"marijuana,gen_country",736,872,65,4803,15.323755985842183,14.322658498918406,16.380843479408142,18.155319591921714,17.08059157337255,19.281431623121424,7.454128440366972,5.840319412375031,9.453330549608715
2008,marijuana,gen_hiphop,"marijuana,gen_hiphop",736,1170,268,4803,15.323755985842183,14.322658498918406,16.380843479408142,24.359775140537167,23.15639062202073,25.604492433960544,22.905982905982906,20.54802628457275,25.4444127466603
2008,marijuana,gen_rap,"marijuana,gen_rap",736,1402,411,4803,15.323755985842183,14.322658498918406,16.380843479408142,29.19008952737872,27.911109132598096,30.502600191419138,29.315263908701855,26.9568717290784,31.788387207705643
2008,marijuana,gen_rock,"marijuana,gen_rock",736,1578,205,4803,15.323755985842183,14.322658498918406,16.380843479408142,32.85446595877576,31.53002950152482,34.206521307462666,12.991128010139416,11.391865580409144,14.77356477112094
2008,alcohol,gen_country,"alcohol,gen_country",189,872,33,4803,3.9350405996252342,3.411280276493763,4.533818191261026,18.155319591921714,17.08059157337255,19.281431623121424,3.784403669724771,2.6592066446037537,5.333088953997454
2008,alcohol,gen_hiphop,"alcohol,gen_hiphop",189,1170,44,4803,3.9350405996252342,3.411280276493763,4.533818191261026,24.359775140537167,23.15639062202073,25.604492433960544,3.7606837606837606,2.7765131096641005,5.059228020637344
2008,alcohol,gen_rap,"alcohol,gen_rap",189,1402,90,4803,3.9350405996252342,3.411280276493763,4.533818191261026,29.19008952737872,27.911109132598096,30.502600191419138,6.419400855920114,5.219484375805905,7.864068228671571
2008,alcohol,gen_rock,"alcohol,gen_rock",189,1578,79,4803,3.9350405996252342,3.411280276493763,4.533818191261026,32.85446595877576,31.53002950152482,34.206521307462666,5.006337135614702,4.006989835102666,6.230610850642435
2008,other_illicit,gen_country,"other_illicit,gen_country",1181,872,139,4803,24.58879866749948,23.381388683048787,25.837171136367605,18.155319591921714,17.08059157337255,19.281431623121424,15.940366972477063,13.60732893027709,18.579199918912572
2008,other_illicit,gen_hiphop,"other_illicit,gen_hiphop",1181,1170,354,4803,24.58879866749948,23.381388683048787,25.837171136367605,24.359775140537167,23.15639062202073,25.604492433960544,30.256410256410255,27.650809085383393,32.993329288745635
2008,other_illicit,gen_rap,"other_illicit,gen_rap",1181,1402,636,4803,24.58879866749948,23.381388683048787,25.837171136367605,29.19008952737872,27.911109132598096,30.502600191419138,45.36376604850214,42.73860685695879,48.01460850431416
2008,other_illicit,gen_rock,"other_illicit,gen_rock",1181,1578,171,4803,24.58879866749948,23.381388683048787,25.837171136367605,32.85446595877576,31.53002950152482,34.206521307462666,10.836501901140684,9.36720241052105,12.49993389293809
2009,marijuana,gen_country,"marijuana,gen_country",934,1162,210,5000,18.68,17.614107190143187,19.794426516062874,23.24,22.080287842081177,24.441150339256584,18.072289156626507,15.92537337083964,20.433689949739385
2009,marijuana,gen_hiphop,"marijuana,gen_hiphop",934,1103,241,5000,18.68,17.614107190143187,19.794426516062874,22.06,20.922551442798092,23.240720786329323,21.84950135992747,19.467481721847104,24.430545045949255
2009,marijuana,gen_rap,"marijuana,gen_rap",934,1497,384,5000,18.68,17.614107190143187,19.794426516062874,29.94,28.676448299937896,31.234594412726562,25.651302605210418,23.47098231535309,27.958144366041935
2009,marijuana,gen_rock,"marijuana,gen_rock",934,1853,322,5000,18.68,17.614107190143187,19.794426516062874,37.059999999999995,35.721805661383414,38.4182108188733,17.37722611980572,15.694064240739017,19.197476211353887
2009,alcohol,gen_country,"alcohol,gen_country",335,1162,126,5000,6.7,6.030184409758339,7.437256441180503,23.24,22.080287842081177,24.441150339256584,10.843373493975903,9.143155738072545,12.80781866837121
2009,alcohol,gen_hiphop,"alcohol,gen_hiphop",335,1103,84,5000,6.7,6.030184409758339,7.437256441180503,22.06,20.922551442798092,23.240720786329323,7.615593834995467,6.15222327315559,9.381634855174172
2009,alcohol,gen_rap,"alcohol,gen_rap",335,1497,147,5000,6.7,6.030184409758339,7.437256441180503,29.94,28.676448299937896,31.234594412726562,9.819639278557114,8.382419559578382,11.467086154756782
2009,alcohol,gen_rock,"alcohol,gen_rock",335,1853,127,5000,6.7,6.030184409758339,7.437256441180503,37.059999999999995,35.721805661383414,38.4182108188733,6.853750674581758,5.765479734966154,8.124715099871706
2009,other_illicit,gen_country,"other_illicit,gen_country",1373,1162,246,5000,27.46,26.230713038011316,28.72417458368694,23.24,22.080287842081177,24.441150339256584,21.17039586919105,18.87734563248304,23.656905615457234
2009,other_illicit,gen_hiphop,"other_illicit,gen_hiphop",1373,1103,384,5000,27.46,26.230713038011316,28.72417458368694,22.06,20.922551442798092,23.240720786329323,34.814143245693565,32.01556227497858,37.719830190886846
2009,other_illicit,gen_rap,"other_illicit,gen_rap",1373,1497,668,5000,27.46,26.230713038011316,28.72417458368694,29.94,28.676448299937896,31.234594412726562,44.62257849031396,42.08825160701319,47.18479743385893
2009,other_illicit,gen_rock,"other_illicit,gen_rock",1373,1853,389,5000,27.46,26.230713038011316,28.72417458368694,37.059999999999995,35.721805661383414,38.4182108188733,20.992984349703185,19.173585518449674,22.93414717519626
2010,marijuana,gen_country,"marijuana,gen_country",1049,1153,237,4885,21.473899692937565,20.334982442360168,22.658044545411464,23.6028659160696,22.42305163735322,24.82452022526094,20.555073720728533,18.28074450827732,23.028581555498455
2010,marijuana,gen_hiphop,"marijuana,gen_hiphop",1049,1141,250,4885,21.473899692937565,20.334982442360168,22.658044545411464,23.357215967246674,22.181901219667935,24.574761410965774,21.910604732690622,19.56498350349577,24.448164428083246
2010,marijuana,gen_rap,"marijuana,gen_rap",1049,1564,487,4885,21.473899692937565,20.334982442360168,22.658044545411464,32.01637666325487,30.71253832520159,33.3486976506742,31.138107416879794,28.860513762554202,33.50941604351853
2010,marijuana,gen_rock,"marijuana,gen_rock",1049,1430,265,4885,21.473899692937565,20.334982442360168,22.658044545411464,29.273285568065504,28.003894196876477,30.57551056894758,18.53146853146853,16.569437701486688,20.66503749490038
2010,alcohol,gen_country,"alcohol,gen_country",341,1153,95,4885,6.980552712384852,6.289518782157979,7.7401595240806405,23.6028659160696,22.42305163735322,24.82452022526094,8.23937554206418,6.74806559337155,10.015566408499064
2010,alcohol,gen_hiphop,"alcohol,gen_hiphop",341,1141,57,4885,6.980552712384852,6.289518782157979,7.7401595240806405,23.357215967246674,22.181901219667935,24.574761410965774,4.995617879053462,3.8372038384594895,6.466430393518493
2010,alcohol,gen_rap,"alcohol,gen_rap",341,1564,140,4885,6.980552712384852,6.289518782157979,7.7401595240806405,32.01637666325487,30.71253832520159,33.3486976506742,8.951406649616368,7.605662559145351,10.502829878623245
2010,alcohol,gen_rock,"alcohol,gen_rock",341,1430,59,4885,6.980552712384852,6.289518782157979,7.7401595240806405,29.273285568065504,28.003894196876477,30.57551056894758,4.125874125874126,3.181286721536041,5.324535469943899
2010,other_illicit,gen_country,"other_illicit,gen_country",1459,1153,231,4885,29.86693961105425,28.589633831441446,31.17613712862563,23.6028659160696,22.42305163735322,24.82452022526094,20.034692107545535,17.784195495211705,22.48792269144535
2010,other_illicit,gen_hiphop,"other_illicit,gen_hiphop",1459,1141,429,4885,29.86693961105425,28.589633831441446,31.17613712862563,23.357215967246674,22.181901219667935,24.574761410965774,37.598597721297104,34.79106514635454,40.490650178454565
2010,other_illicit,gen_rap,"other_illicit,gen_rap",1459,1564,766,4885,29.86693961105425,28.589633831441446,31.17613712862563,32.01637666325487,30.71253832520159,33.3486976506742,48.9769820971867,46.4731939248369,51.48584798979123
2010,other_illicit,gen_rock,"other_illicit,gen_rock",1459,1430,303,4885,29.86693961105425,28.589633831441446,31.17613712862563,29.273285568065504,28.003894196876477,30.57551056894758,21.188811188811187,19.11582640741492,23.418717699452973
2011,marijuana,gen_country,"marijuana,gen_country",1178,1278,314,4855,24.263645726055614,23.068358070979208,25.499975706333284,26.323377960865084,25.093544762087696,27.590960295260462,24.56964006259781,22.25017899326673,27.044043426466914
2011,marijuana,gen_hiphop,"marijuana,gen_hiphop",1178,1167,277,4855,24.263645726055614,23.068358070979208,25.499975706333284,24.03707518022657,22.845812865740058,25.269742257942422,23.736075407026565,21.34248681166266,26.305022688911357
2011,marijuana,gen_rap,"marijuana,gen_rap",1178,1631,537,4855,24.263645726055614,23.068358070979208,25.499975706333284,33.59423274974253,32.268892186046635,34.945715506443364,32.924586143470265,30.65631924696919,35.27417594170534
2011,marijuana,gen_rock,"marijuana,gen_rock",1178,1705,359,4855,24.263645726055614,23.068358070979208,25.499975706333284,35.11843460350155,33.77777077876752,36.48280992611736,21.055718475073316,19.158367934652738,23.08517058050965
2011,alcohol,gen_country,"alcohol,gen_country",140,1278,14,4855,2.883625128733265,2.439385220989021,3.403990824687938,26.323377960865084,25.093544762087696,27.590960295260462,1.0954616588419406,0.6244499215076275,1.8790257217112198
2011,alcohol,gen_hiphop,"alcohol,gen_hiphop",140,1167,25,4855,2.883625128733265,2.439385220989021,3.403990824687938,24.03707518022657,22.845812865740058,25.269742257942422,2.1422450728363325,1.4204738481788923,3.193941926482511
2011,alcohol,gen_rap,"alcohol,gen_rap",140,1631,54,4855,2.883625128733265,2.439385220989021,3.403990824687938,33.59423274974253,32.268892186046635,34.945715506443364,3.310852237890864,2.51961311378128,4.329182706113129
2011,alcohol,gen_rock,"alcohol,gen_rock",140,1705,61,4855,2.883625128733265,2.439385220989021,3.403990824687938,35.11843460350155,33.77777077876752,36.48280992611736,3.5777126099706744,2.769478959566947,4.601546572809853
2011,other_illicit,gen_country,"other_illicit,gen_country",1890,1278,428,4855,38.92893923789907,37.55644482445207,40.31907087436432,26.323377960865084,25.093544762087696,27.590960295260462,33.48982785602504,30.9169371543588,36.16316857831663
2011,other_illicit,gen_hiphop,"other_illicit,gen_hiphop",1890,1167,581,4855,38.92893923789907,37.55644482445207,40.31907087436432,24.03707518022657,22.845812865740058,25.269742257942422,49.78577549271637,46.87983789242748,52.69313976849806
2011,other_illicit,gen_rap,"other_illicit,gen_rap",1890,1631,912,4855,38.92893923789907,37.55644482445207,40.31907087436432,33.59423274974253,32.268892186046635,34.945715506443364,55.91661557326793,53.46523365056078,58.33983909263702
2011,other_illicit,gen_rock,"other_illicit,gen_rock",1890,1705,464,4855,38.92893923789907,37.55644482445207,40.31907087436432,35.11843460350155,33.77777077876752,36.48280992611736,27.21407624633431,25.1259569533885,29.406060688188894
2012,marijuana,gen_country,"marijuana,gen_country",1104,1204,200,4895,22.553626149131766,21.394596911018773,23.756075225082796,24.59652706843718,23.400282018630563,25.832949858984662,16.611295681063122,14.576566957399335,18.862588814284425
2012,marijuana,gen_hiphop,"marijuana,gen_hiphop",1104,1080,327,4895,22.553626149131766,21.394596911018773,23.756075225082796,22.06332992849847,20.913813898884335,23.25704443995774,30.277777777777775,27.566484701445663,33.13123081760116
2012,marijuana,gen_rap,"marijuana,gen_rap",1104,1525,619,4895,22.553626149131766,21.394596911018773,23.756075225082796,31.15423901940756,29.861966326591254,32.47630036045004,40.59016393442623,38.11976685350411,43.10847669521504
2012,marijuana,gen_rock,"marijuana,gen_rock",1104,1844,231,4895,22.553626149131766,21.394596911018773,23.756075225082796,37.67109295199183,36.31368499247068,39.0479819352339,12.527114967462039,11.068036760990054,14.144786687104869
2012,alcohol,gen_country,"alcohol,gen_country",303,1204,84,4895,6.189989785495404,5.538988882477604,6.910736391650166,24.59652706843718,23.400282018630563,25.832949858984662,6.976744186046512,5.63291402602175,8.602089256880822
2012,alcohol,gen_hiphop,"alcohol,gen_hiphop",303,1080,83,4895,6.189989785495404,5.538988882477604,6.910736391650166,22.06332992849847,20.913813898884335,23.25704443995774,7.685185185185185,6.200579154676418,9.478431529634104
2012,alcohol,gen_rap,"alcohol,gen_rap",303,1525,83,4895,6.189989785495404,5.538988882477604,6.910736391650166,31.15423901940756,29.861966326591254,32.47630036045004,5.442622950819672,4.382435555492567,6.733134269497946
2012,alcohol,gen_rock,"alcohol,gen_rock",303,1844,91,4895,6.189989785495404,5.538988882477604,6.910736391650166,37.67109295199183,36.31368499247068,39.0479819352339,4.934924078091106,4.012109761469644,6.050219943387869
2012,other_illicit,gen_country,"other_illicit,gen_country",1614,1204,501,4895,32.972420837589375,31.65915485210992,34.3125984314361,24.59652706843718,23.400282018630563,25.832949858984662,41.61129568106312,38.81705198384232,44.45969338321781
2012,other_illicit,gen_hiphop,"other_illicit,gen_hiphop",1614,1080,338,4895,32.972420837589375,31.65915485210992,34.3125984314361,22.06332992849847,20.913813898884335,23.25704443995774,31.296296296296294,28.556179821936468,34.17121078725788
2012,other_illicit,gen_rap,"other_illicit,gen_rap",1614,1525,788,4895,32.972420837589375,31.65915485210992,34.3125984314361,31.15423901940756,29.861966326591254,32.47630036045004,51.67213114754098,49.13024722612322,54.205502364516256
2012,other_illicit,gen_rock,"other_illicit,gen_rock",1614,1844,469,4895,32.972420837589375,31.65915485210992,34.3125984314361,37.67109295199183,36.31368499247068,39.0479819352339,25.433839479392624,23.472287008027443,27.498924084583475
2013,marijuana,gen_country,"marijuana,gen_country",949,1224,227,4840,19.607438016528924,18.503105102622104,20.760422154943697,25.28925619834711,24.074451208474724,26.543585884067944,18.545751633986928,16.42907320528331,20.862930236417444
2013,marijuana,gen_hiphop,"marijuana,gen_hiphop",949,1276,297,4840,19.607438016528924,18.503105102622104,20.760422154943697,26.36363636363636,25.131272941553885,27.633801763313414,23.275862068965516,21.001770470945104,25.713084723206375
2013,marijuana,gen_rap,"marijuana,gen_rap",949,1497,517,4840,19.607438016528924,18.503105102622104,20.760422154943697,30.9297520661157,29.63295771943667,32.257033988791484,34.535738142952574,32.13666244626167,37.015072706684485
2013,marijuana,gen_rock,"marijuana,gen_rock",949,1670,218,4840,19.607438016528924,18.503105102622104,20.760422154943697,34.50413223140496,33.16739924878051,35.865633036030474,13.053892215568863,11.49421984627576,14.786281279145133
2013,alcohol,gen_country,"alcohol,gen_country",110,1224,44,4840,2.272727272727273,1.8797845947485685,2.7432255147001996,25.28925619834711,24.074451208474724,26.543585884067944,3.594771241830065,2.65353343917864,4.837625548037122
2013,alcohol,gen_hiphop,"alcohol,gen_hiphop",110,1276,19,4840,2.272727272727273,1.8797845947485685,2.7432255147001996,26.36363636363636,25.131272941553885,27.633801763313414,1.489028213166144,0.9246734956119564,2.361344167162925
2013,alcohol,gen_rap,"alcohol,gen_rap",110,1497,44,4840,2.272727272727273,1.8797845947485685,2.7432255147001996,30.9297520661157,29.63295771943667,32.257033988791484,2.9392117568470275,2.1680556330425915,3.960575927532881
2013,alcohol,gen_rock,"alcohol,gen_rock",110,1670,45,4840,2.272727272727273,1.8797845947485685,2.7432255147001996,34.50413223140496,33.16739924878051,35.865633036030474,2.694610778443114,1.9941730602343062,3.62046048733613
2013,other_illicit,gen_country,"other_illicit,gen_country",1586,1224,446,4840,32.768595041322314,31.450167043513694,34.114567553978134,25.28925619834711,24.074451208474724,26.543585884067944,36.43790849673202,33.74806405189363,39.21389801832338
2013,other_illicit,gen_hiphop,"other_illicit,gen_hiphop",1586,1276,457,4840,32.768595041322314,31.450167043513694,34.114567553978134,26.36363636363636,25.131272941553885,27.633801763313414,35.81504702194358,33.19209118325116,38.52442175549701
2013,other_illicit,gen_rap,"other_illicit,gen_rap",1586,1497,646,4840,32.768595041322314,31.450167043513694,34.114567553978134,30.9297520661157,29.63295771943667,32.257033988791484,43.15297261189045,40.6315928878476,45.70986876362855
2013,other_illicit,gen_rock,"other_illicit,gen_rock",1586,1670,524,4840,32.768595041322314,31.450167043513694,34.114567553978134,34.50413223140496,33.16739924878051,35.865633036030474,31.37724550898204,29.167313257634387,33.673804455511686
2014,marijuana,gen_country,"marijuana,gen_country",821,1146,169,4829,17.001449575481466,15.958193644447555,18.09767662745298,23.731621453717125,22.542702056576864,24.962660648906297,14.74694589877836,12.770914076512813,16.96351833586413
2014,marijuana,gen_hiphop,"marijuana,gen_hiphop",821,1357,312,4829,17.001449575481466,15.958193644447555,18.09767662745298,28.101056119279356,26.840868849049365,29.396341005165898,22.991893883566693,20.795715800682053,25.34305644153995
2014,marijuana,gen_rap,"marijuana,gen_rap",821,1321,343,4829,17.001449575481466,15.958193644447555,18.09767662745298,27.35556015738248,26.106419445005958,28.640995740491036,25.965177895533685,23.636302272832495,28.4356614952335
2014,marijuana,gen_rock,"marijuana,gen_rock",821,1308,214,4829,17.001449575481466,15.958193644447555,18.09767662745298,27.086353282253057,25.841309617319336,28.36812423559671,16.36085626911315,14.4189254754296,18.503544346842805
2014,alcohol,gen_country,"alcohol,gen_country",342,1146,91,4829,7.082211638020294,6.3824260996361275,7.851199824523082,23.731621453717125,22.542702056576864,24.962660648906297,7.940663176265271,6.47253299063075,9.697610371973491
2014,alcohol,gen_hiphop,"alcohol,gen_hiphop",342,1357,134,4829,7.082211638020294,6.3824260996361275,7.851199824523082,28.101056119279356,26.840868849049365,29.396341005165898,9.874723655121592,8.364826797191318,11.616394208697622
2014,alcohol,gen_rap,"alcohol,gen_rap",342,1321,55,4829,7.082211638020294,6.3824260996361275,7.851199824523082,27.35556015738248,26.106419445005958,28.640995740491036,4.163512490537472,3.179511269975275,5.422581306836769
2014,alcohol,gen_rock,"alcohol,gen_rock",342,1308,87,4829,7.082211638020294,6.3824260996361275,7.851199824523082,27.086353282253057,25.841309617319336,28.36812423559671,6.651376146788992,5.389421187127697,8.174350822766636
2014,other_illicit,gen_country,"other_illicit,gen_country",1594,1146,473,4829,33.008904535100434,31.686322605984714,34.358708509511416,23.731621453717125,22.542702056576864,24.962660648906297,41.273996509598604,38.414304604588196,44.192884021845806
2014,other_illicit,gen_hiphop,"other_illicit,gen_hiphop",1594,1357,490,4829,33.008904535100434,31.686322605984714,34.358708509511416,28.101056119279356,26.840868849049365,29.396341005165898,36.109064112011794,33.5598488668259,38.73783255551429
2014,other_illicit,gen_rap,"other_illicit,gen_rap",1594,1321,505,4829,33.008904535100434,31.686322605984714,34.358708509511416,27.35556015738248,26.106419445005958,28.640995740491036,38.22861468584406,35.60857573438677,40.91790181612597
2014,other_illicit,gen_rock,"other_illicit,gen_rock",1594,1308,453,4829,33.008904535100434,31.686322605984714,34.358708509511416,27.086353282253057,25.841309617319336,28.36812423559671,34.63302752293578,32.06545513002854,37.29193003406106
2015,marijuana,gen_country,"marijuana,gen_country",870,1166,188,4806,18.102372034956304,17.029254089411687,19.226927726439232,24.26133999167707,23.060071627846057,25.50407430562216,16.123499142367066,14.083982742114193,18.390005113180116
2015,marijuana,gen_hiphop,"marijuana,gen_hiphop",870,1546,348,4806,18.102372034956304,17.029254089411687,19.226927726439232,32.168123179359135,30.851887709404487,33.513066373242445,22.509702457956017,20.46624022936056,24.691553633245693
2015,marijuana,gen_rap,"marijuana,gen_rap",870,1711,344,4806,18.102372034956304,17.029254089411687,19.226927726439232,35.6013316687474,34.249299594896485,36.976539888006364,20.1052016364699,18.24593782347107,22.10045903073568
2015,marijuana,gen_rock,"marijuana,gen_rock",870,757,51,4806,18.102372034956304,17.029254089411687,19.226927726439232,15.751144402829794,14.738528545694555,16.819019294347736,6.737120211360634,5.1033980110303006,8.823706669704213
2015,alcohol,gen_country,"alcohol,gen_country",196,1166,42,4806,4.078235538909696,3.5450397420732567,4.686144944306967,24.26133999167707,23.060071627846057,25.50407430562216,3.6020583190394513,2.639109039880017,4.881800201326366
2015,alcohol,gen_hiphop,"alcohol,gen_hiphop",196,1546,36,4806,4.078235538909696,3.5450397420732567,4.686144944306967,32.168123179359135,30.851887709404487,33.513066373242445,2.3285899094437257,1.6594625868068362,3.244066255684916
2015,alcohol,gen_rap,"alcohol,gen_rap",196,1711,48,4806,4.078235538909696,3.5450397420732567,4.686144944306967,35.6013316687474,34.249299594896485,36.976539888006364,2.805376972530684,2.097199963981276,3.7328149599627243
2015,alcohol,gen_rock,"alcohol,gen_rock",196,757,6,4806,4.078235538909696,3.5450397420732567,4.686144944306967,15.751144402829794,14.738528545694555,16.819019294347736,0.7926023778071334,0.32259958330231037,1.8077416024809778
2015,other_illicit,gen_country,"other_illicit,gen_country",1582,1166,408,4806,32.91718684977112,31.592466744204845,34.269407478853545,24.26133999167707,23.060071627846057,25.50407430562216,34.99142367066895,32.26522484844978,37.817732316316885
2015,other_illicit,gen_hiphop,"other_illicit,gen_hiphop",1582,1546,653,4806,32.91718684977112,31.592466744204845,34.269407478853545,32.168123179359135,30.851887709404487,33.513066373242445,42.238033635187584,39.76608266398186,44.74896722512003
2015,other_illicit,gen_rap,"other_illicit,gen_rap",1582,1711,799,4806,32.91718684977112,31.592466744204845,34.269407478853545,35.6013316687474,34.249299594896485,36.976539888006364,46.69783752191701,44.3148265356651,49.095825698677764
2015,other_illicit,gen_rock,"other_illicit,gen_rock",1582,757,185,4806,32.91718684977112,31.592466744204845,34.269407478853545,15.751144402829794,14.738528545694555,16.819019294347736,24.438573315719946,21.448531732448426,27.692282497073318
2016,marijuana,gen_country,"marijuana,gen_country",1075,961,159,4952,21.708400646203554,20.57243882374061,22.888607690342784,19.406300484652668,18.318826838932978,20.54163727271408,16.545265348595215,14.28113035077547,19.081674832973405
2016,marijuana,gen_hiphop,"marijuana,gen_hiphop",1075,1662,439,4952,21.708400646203554,20.57243882374061,22.888607690342784,33.562197092084006,32.250199089322685,34.8998737636137,26.41395908543923,24.321285746896127,28.616953732170654
2016,marijuana,gen_rap,"marijuana,gen_rap",1075,1925,492,4952,21.708400646203554,20.57243882374061,22.888607690342784,38.87318255250404,37.51459725618387,40.24914570798268,25.558441558441558,23.63464561781425,27.580888611062765
2016,marijuana,gen_rock,"marijuana,gen_rock",1075,539,122,4952,21.708400646203554,20.57243882374061,22.888607690342784,10.884491114701131,10.037442839620155,11.79288432884483,22.634508348794064,19.21557563149669,26.45086780351286
2016,alcohol,gen_country,"alcohol,gen_country",277,961,144,4952,5.593699515347335,4.977855504240292,6.279469533142505,19.406300484652668,18.318826838932978,20.54163727271408,14.984391259105099,12.818770504063409,17.435240782987783
2016,alcohol,gen_hiphop,"alcohol,gen_hiphop",277,1662,37,4952,5.593699515347335,4.977855504240292,6.279469533142505,33.562197092084006,32.250199089322685,34.8998737636137,2.2262334536702766,1.5940194057631876,3.088005595519311
2016,alcohol,gen_rap,"alcohol,gen_rap",277,1925,51,4952,5.593699515347335,4.977855504240292,6.279469533142505,38.87318255250404,37.51459725618387,40.24914570798268,2.6493506493506493,1.9982418183164934,3.4958289621104974
2016,alcohol,gen_rock,"alcohol,gen_rock",277,539,23,4952,5.593699515347335,4.977855504240292,6.279469533142505,10.884491114701131,10.037442839620155,11.79288432884483,4.267161410018553,2.785240559095054,6.430794100262739
2016,other_illicit,gen_country,"other_illicit,gen_country",1621,961,352,4952,32.73424878836833,31.43114354391951,34.064327395208934,19.406300484652668,18.318826838932978,20.54163727271408,36.62851196670135,33.5903490908935,39.77496517691321
2016,other_illicit,gen_hiphop,"other_illicit,gen_hiphop",1621,1662,673,4952,32.73424878836833,31.43114354391951,34.064327395208934,33.562197092084006,32.250199089322685,34.8998737636137,40.49338146811071,38.128215203135966,42.902950834112424
2016,other_illicit,gen_rap,"other_illicit,gen_rap",1621,1925,847,4952,32.73424878836833,31.43114354391951,34.064327395208934,38.87318255250404,37.51459725618387,40.24914570798268,44,41.77089824472439,46.25328047791313
2016,other_illicit,gen_rock,"other_illicit,gen_rock",1621,539,135,4952,32.73424878836833,31.43114354391951,34.064327395208934,10.884491114701131,10.037442839620155,11.79288432884483,25.04638218923933,21.486197447613055,28.968653744645124
2017,marijuana,gen_country,"marijuana,gen_country",1541,987,207,5103,30.197922790515385,28.9438555293906,31.482012635910085,19.34156378600823,18.271513156604456,20.4581548534415,20.972644376899694,18.49956156698783,23.675279512257635
2017,marijuana,gen_hiphop,"marijuana,gen_hiphop",1541,2242,893,5103,30.197922790515385,28.9438555293906,31.482012635910085,43.93494023123653,42.56853335388215,45.31053723442634,39.83050847457627,37.80108471675265,41.89510411395225
2017,marijuana,gen_rap,"marijuana,gen_rap",1541,2171,949,5103,30.197922790515385,28.9438555293906,31.482012635910085,42.54360180286106,41.18345333622814,43.91504894063921,43.712574850299404,41.61608525002451,45.83152056155102
2017,marijuana,gen_rock,"marijuana,gen_rock",1541,391,125,5103,30.197922790515385,28.9438555293906,31.482012635910085,7.662159514011366,6.954428131177837,8.434439503464612,31.9693094629156,27.419622414453386,36.87949338526636
2017,alcohol,gen_country,"alcohol,gen_country",347,987,12,5103,6.799921614736429,6.131873303772265,7.53388227599162,19.34156378600823,18.271513156604456,20.4581548534415,1.21580547112462,0.6599950616161804,2.1768474532221167
2017,alcohol,gen_hiphop,"alcohol,gen_hiphop",347,2242,146,5103,6.799921614736429,6.131873303772265,7.53388227599162,43.93494023123653,42.56853335388215,45.31053723442634,6.512042818911685,5.542619632616511,7.633473397902608
2017,alcohol,gen_rap,"alcohol,gen_rap",347,2171,136,5103,6.799921614736429,6.131873303772265,7.53388227599162,42.54360180286106,41.18345333622814,43.91504894063921,6.2643942883463835,5.299052048936931,7.387716193539753
2017,alcohol,gen_rock,"alcohol,gen_rock",347,391,57,5103,6.799921614736429,6.131873303772265,7.53388227599162,7.662159514011366,6.954428131177837,8.434439503464612,14.578005115089516,11.310767334607451,18.559446383797884
2017,other_illicit,gen_country,"other_illicit,gen_country",1745,987,308,5103,34.195571232608266,32.89668273129131,35.518415413815276,19.34156378600823,18.271513156604456,20.4581548534415,31.20567375886525,28.343477283923047,34.216148390447174
2017,other_illicit,gen_hiphop,"other_illicit,gen_hiphop",1745,2242,1081,5103,34.195571232608266,32.89668273129131,35.518415413815276,43.93494023123653,42.56853335388215,45.31053723442634,48.215878679750226,46.13011940494317,50.307807101559185
2017,other_illicit,gen_rap,"other_illicit,gen_rap",1745,2171,1121,5103,34.195571232608266,32.89668273129131,35.518415413815276,42.54360180286106,41.18345333622814,43.91504894063921,51.63519115614924,49.50902484049,53.75551770882288
2017,other_illicit,gen_rock,"other_illicit,gen_rock",1745,391,91,5103,34.195571232608266,32.89668273129131,35.518415413815276,7.662159514011366,6.954428131177837,8.434439503464612,23.273657289002557,19.23872576400962,27.844405402201232
2018,marijuana,gen_country,"marijuana,gen_country",1211,869,185,5050,23.98019801980198,22.81294542772938,25.18733867003185,17.207920792079207,16.18226241632611,18.283903933972123,21.288837744533947,18.64198779133297,24.193734005366295
2018,marijuana,gen_hiphop,"marijuana,gen_hiphop",1211,2519,698,5050,23.98019801980198,22.81294542772938,25.18733867003185,49.88118811881188,48.49288788404587,51.26967026929863,27.709408495434694,25.977130430913665,29.510339248051892
2018,marijuana,gen_rap,"marijuana,gen_rap",1211,2585,823,5050,23.98019801980198,22.81294542772938,25.18733867003185,51.18811881188119,49.799203094842994,52.5752153680899,31.83752417794971,30.05077266573808,33.67875662081897
2018,marijuana,gen_rock,"marijuana,gen_rock",1211,460,78,5050,23.98019801980198,22.81294542772938,25.18733867003185,9.108910891089108,8.336589318456019,9.944170317686483,16.956521739130434,13.70512432744626,20.772461997202363
2018,alcohol,gen_country,"alcohol,gen_country",462,869,139,5050,9.148514851485148,8.374614962469403,9.985290132481547,17.207920792079207,16.18226241632611,18.283903933972123,15.995397008055237,13.654884847316554,18.64226162069493
2018,alcohol,gen_hiphop,"alcohol,gen_hiphop",462,2519,181,5050,9.148514851485148,8.374614962469403,9.985290132481547,49.88118811881188,48.49288788404587,51.26967026929863,7.185391028185788,6.222226585340345,8.281499612560497
2018,alcohol,gen_rap,"alcohol,gen_rap",462,2585,185,5050,9.148514851485148,8.374614962469403,9.985290132481547,51.18811881188119,49.799203094842994,52.5752153680899,7.156673114119923,6.207187123438031,8.235773510592443
2018,alcohol,gen_rock,"alcohol,gen_rock",462,460,0,5050,9.148514851485148,8.374614962469403,9.985290132481547,9.108910891089108,8.336589318456019,9.944170317686483,0,0,1.0324255876868325
2018,other_illicit,gen_country,"other_illicit,gen_country",1876,869,231,5050,37.148514851485146,35.81623782796121,38.50047396239082,17.207920792079207,16.18226241632611,18.283903933972123,26.582278481012654,23.697524950197884,29.67718575733495
2018,other_illicit,gen_hiphop,"other_illicit,gen_hiphop",1876,2519,1188,5050,37.148514851485146,35.81623782796121,38.50047396239082,49.88118811881188,48.49288788404587,51.26967026929863,47.161572052401745,45.198189633224004,49.133686405309476
2018,other_illicit,gen_rap,"other_illicit,gen_rap",1876,2585,1325,5050,37.148514851485146,35.81623782796121,38.50047396239082,51.18811881188119,49.799203094842994,52.5752153680899,51.25725338491296,49.310623373295435,53.200114812864605
2018,other_illicit,gen_rock,"other_illicit,gen_rock",1876,460,119,5050,37.148514851485146,35.81623782796121,38.50047396239082,9.108910891089108,8.336589318456019,9.944170317686483,25.869565217391305,21.976765777982056,30.172850736601216
2019,marijuana,gen_country,"marijuana,gen_country",634,578,154,2665,23.78986866791745,22.193423781877346,25.46264068150681,21.68855534709193,20.14696846711575,23.31261992199005,26.643598615916954,23.1200493748552,30.48292825102632
2019,marijuana,gen_hiphop,"marijuana,gen_hiphop",634,1364,367,2665,23.78986866791745,22.193423781877346,25.46264068150681,51.18198874296436,49.26511178396078,53.09542944153067,26.90615835777126,24.58442133105415,29.359626092150766
2019,marijuana,gen_rap,"marijuana,gen_rap",634,1221,360,2665,23.78986866791745,22.193423781877346,25.46264068150681,45.81613508442777,43.91317193195031,47.73126189281162,29.484029484029485,26.95421533281864,32.14458830820313
2019,marijuana,gen_rock,"marijuana,gen_rock",634,267,88,2665,23.78986866791745,22.193423781877346,25.46264068150681,10.0187617260788,8.917947472627214,11.236562355160656,32.958801498127336,27.42050821876888,38.99642623799784
2019,alcohol,gen_country,"alcohol,gen_country",137,578,65,2665,5.140712945590995,4.347708084900634,6.06573556638808,21.68855534709193,20.14696846711575,23.31261992199005,11.245674740484429,8.844389150965416,14.175737628501818
2019,alcohol,gen_hiphop,"alcohol,gen_hiphop",137,1364,50,2665,5.140712945590995,4.347708084900634,6.06573556638808,51.18198874296436,49.26511178396078,53.09542944153067,3.6656891495601176,2.7596840413573616,4.841418047998866
2019,alcohol,gen_rap,"alcohol,gen_rap",137,1221,63,2665,5.140712945590995,4.347708084900634,6.06573556638808,45.81613508442777,43.91317193195031,47.73126189281162,5.159705159705159,4.017328991796819,6.5925546947200635
2019,alcohol,gen_rock,"alcohol,gen_rock",137,267,4,2665,5.140712945590995,4.347708084900634,6.06573556638808,10.0187617260788,8.917947472627214,11.236562355160656,1.4981273408239701,0.48098722632875024,4.049875585192453
2019,other_illicit,gen_country,"other_illicit,gen_country",929,578,155,2665,34.859287054409,33.05454924424963,36.7080627777543,21.68855534709193,20.14696846711575,23.31261992199005,26.81660899653979,23.284546389707796,30.66209798500089
2019,other_illicit,gen_hiphop,"other_illicit,gen_hiphop",929,1364,586,2665,34.859287054409,33.05454924424963,36.7080627777543,51.18198874296436,49.26511178396078,53.09542944153067,42.961876832844574,40.321951320458886,45.64188503440778
2019,other_illicit,gen_rap,"other_illicit,gen_rap",929,1221,632,2665,34.859287054409,33.05454924424963,36.7080627777543,45.81613508442777,43.91317193195031,47.73126189281162,51.76085176085176,48.91602973782766,54.59446757788623
2019,other_illicit,gen_rock,"other_illicit,gen_rock",929,267,52,2665,34.859287054409,33.05454924424963,36.7080627777543,10.0187617260788,8.917947472627214,11.236562355160656,19.475655430711612,15.004827190193874,24.84611485597746
